"","max.instances","N","blocking.probability","sd","se","ci"
"1",1,10,0.0184827485989286,0.00429556285988802,0.00135837624696729,0.003072860556852
"2",30,10,0.0231574857997262,0.00484218781083105,0.00153123423405307,0.00346389249048496
"3",60,10,0.027087206337715,0.00432149033914613,0.00136657523581153,0.0030914079581937
